Ticker,Date,Close,Ratio
MSFT.US,2026-08-28,513.53,1.0
TSLA.US,2026-08-28,348.75,1.0
ETPMAG.AU,2026-08-31,85.08,1.0
MSFT.US,2026-08-31,507.29,1.0
PMGOLD.AU,2026-08-31,61.61,1.0
TSLA.US,2026-08-31,367.95,1.0
USDAUD.FOREX,2026-08-31,1.3966,1.3966
VGE.AU,2026-08-31,93.04,1.0
VGS.AU,2026-08-31,160.27,1.0
VISM.AU,2026-08-31,75.13,1.0
ETPMAG.AU,2026-09-01,85.42,1.0
MSFT.US,2026-09-01,501.02,1.0
PMGOLD.AU,2026-09-01,61.7,1.0
TSLA.US,2026-09-01,356.09,1.0
USDAUD.FOREX,2026-09-01,1.3926,1.3926
VGE.AU,2026-09-01,93.26,1.0
VGS.AU,2026-09-01,159.99,1.0
VISM.AU,2026-09-01,75.11,1.0
ETPMAG.AU,2026-09-02,82.1,1.0
MSFT.US,2026-09-02,496.82,1.0
PMGOLD.AU,2026-09-02,60.25,1.0
TSLA.US,2026-09-02,357.01,1.0
USDAUD.FOREX,2026-09-02,1.4037,1.4037
VGE.AU,2026-09-02,93.31,1.0
VGS.AU,2026-09-02,158.89,1.0
VISM.AU,2026-09-02,74.29,1.0
ETPMAG.AU,2026-09-03,84.59,1.0
MSFT.US,2026-09-03,510.12,1.0
PMGOLD.AU,2026-09-03,61.44,1.0
TSLA.US,2026-09-03,376.365,1.0
USDAUD.FOREX,2026-09-03,1.3895,1.3895
VGE.AU,2026-09-03,93.79,1.0
VGS.AU,2026-09-03,159.56,1.0
VISM.AU,2026-09-03,74.77,1.0
ETPMAG.AU,2026-09-04,84.81,1.0
MSFT.US,2026-09-04,499.7,1.0
PMGOLD.AU,2026-09-04,61.56,1.0
TSLA.US,2026-09-04,354.08,1.0
USDAUD.FOREX,2026-09-04,1.3883,1.3883
VGE.AU,2026-09-04,93.92,1.0
VGS.AU,2026-09-04,160.3,1.0
VISM.AU,2026-09-04,74.72,1.0
ETPMAG.AU,2026-09-07,83.42,1.0
PMGOLD.AU,2026-09-07,60.5,1.0
USDAUD.FOREX,2026-09-07,1.3856,1.3856
VGE.AU,2026-09-07,94.39,1.0
VGS.AU,2026-09-07,159.62,1.0
VISM.AU,2026-09-07,74.78,1.0
ETPMAG.AU,2026-09-08,84.22,1.0
MSFT.US,2026-09-08,493.95,1.0
PMGOLD.AU,2026-09-08,60.8,1.0
TSLA.US,2026-09-08,368.16,1.0
USDAUD.FOREX,2026-09-08,1.386,1.386
VGE.AU,2026-09-08,93.69,1.0
VGS.AU,2026-09-08,159.22,1.0
VISM.AU,2026-09-08,74.66,1.0
ETPMAG.AU,2026-09-09,84.63,1.0
MSFT.US,2026-09-09,491.65,1.0
PMGOLD.AU,2026-09-09,60.71,1.0
TSLA.US,2026-09-09,367.81,1.0
USDAUD.FOREX,2026-09-09,1.385,1.385
VGE.AU,2026-09-09,93.5,1.0
VGS.AU,2026-09-09,158.65,1.0
VISM.AU,2026-09-09,74.33,1.0
ETPMAG.AU,2026-09-10,86.09,1.0
MSFT.US,2026-09-10,492.44,1.0
PMGOLD.AU,2026-09-10,60.89,1.0
TSLA.US,2026-09-10,363.56,1.0
USDAUD.FOREX,2026-09-10,1.3893,1.3893
VGE.AU,2026-09-10,93.02,1.0
VGS.AU,2026-09-10,158.22,1.0
VISM.AU,2026-09-10,73.76,1.0
ETPMAG.AU,2026-09-11,82.0,1.0
MSFT.US,2026-09-11,495.63,1.0
PMGOLD.AU,2026-09-11,60.35,1.0
TSLA.US,2026-09-11,365.44,1.0
USDAUD.FOREX,2026-09-11,1.3943,1.3943
VGE.AU,2026-09-11,93.02,1.0
VGS.AU,2026-09-11,158.33,1.0
VISM.AU,2026-09-11,73.59,1.0
ETPMAG.AU,2026-09-14,81.97,1.0
MSFT.US,2026-09-14,505.41,1.0
PMGOLD.AU,2026-09-14,60.24,1.0
TSLA.US,2026-09-14,358.97,1.0
USDAUD.FOREX,2026-09-14,1.4057,1.4057
VGE.AU,2026-09-14,92.8,1.0
VGS.AU,2026-09-14,158.8,1.0
VISM.AU,2026-09-14,73.77,1.0
ETPMAG.AU,2026-09-15,81.21,1.0
MSFT.US,2026-09-15,497.12,1.0
PMGOLD.AU,2026-09-15,59.73,1.0
TSLA.US,2026-09-15,356.58,1.0
USDAUD.FOREX,2026-09-15,1.4029,1.4029
VGE.AU,2026-09-15,92.34,1.0
VGS.AU,2026-09-15,158.92,1.0
VISM.AU,2026-09-15,73.57,1.0
ETPMAG.AU,2026-09-16,82.95,1.0
MSFT.US,2026-09-16,490.3,1.0
PMGOLD.AU,2026-09-16,60.25,1.0
TSLA.US,2026-09-16,358.08,1.0
USDAUD.FOREX,2026-09-16,1.4025,1.4025
VGE.AU,2026-09-16,92.13,1.0
VGS.AU,2026-09-16,158.74,1.0
VISM.AU,2026-09-16,73.57,1.0
ETPMAG.AU,2026-09-17,82.3,1.0
MSFT.US,2026-09-17,497.75,1.0
PMGOLD.AU,2026-09-17,60.1,1.0
TSLA.US,2026-09-17,366.2,1.0
USDAUD.FOREX,2026-09-17,1.4051,1.4051
VGE.AU,2026-09-17,92.0,1.0
VGS.AU,2026-09-17,158.98,1.0
VISM.AU,2026-09-17,73.78,1.0
ETPMAG.AU,2026-09-18,85.84,1.0
MSFT.US,2026-09-18,493.78,1.0
PMGOLD.AU,2026-09-18,61.17,1.0
TSLA.US,2026-09-18,364.27,1.0
USDAUD.FOREX,2026-09-18,1.4043,1.4043
VGE.AU,2026-09-18,93.15,1.0
VGS.AU,2026-09-18,159.82,1.0
VISM.AU,2026-09-18,73.78,1.0
ETPMAG.AU,2026-09-21,85.03,1.0
MSFT.US,2026-09-21,501.61,1.0
PMGOLD.AU,2026-09-21,60.66,1.0
TSLA.US,2026-09-21,375.3,1.0
USDAUD.FOREX,2026-09-21,1.4015,1.4015
VGE.AU,2026-09-21,94.0,1.0
VGS.AU,2026-09-21,160.03,1.0
VISM.AU,2026-09-21,73.65,1.0
ETPMAG.AU,2026-09-22,84.3,1.0
MSFT.US,2026-09-22,498.0,1.0
PMGOLD.AU,2026-09-22,60.26,1.0
TSLA.US,2026-09-22,378.9,1.0
USDAUD.FOREX,2026-09-22,1.4067,1.4067
VGE.AU,2026-09-22,94.79,1.0
VGS.AU,2026-09-22,161.81,1.0
VISM.AU,2026-09-22,73.95,1.0
ETPMAG.AU,2026-09-23,85.51,1.0
PMGOLD.AU,2026-09-23,60.62,1.0
USDAUD.FOREX,2026-09-23,1.4146,1.4146
VGE.AU,2026-09-23,94.67,1.0
VGS.AU,2026-09-23,162.34,1.0
VISM.AU,2026-09-23,74.41,1.0
